insert into categories(category_id, name) values ( 1, 'archeologia' );
insert into categories(category_id, name) values ( 2, 'filozofia' );
insert into categories(category_id, name) values ( 3, 'historia' );
insert into categories(category_id, name) values ( 4, 'literaturoznawstwo' );
insert into categories(category_id, name) values ( 5, 'nauki o religii i kulturze' );
insert into categories(category_id, name) values ( 6, 'nauki o sztuce' );
insert into categories(category_id, name) values ( 7, 'architektura i urbanistyka' );
insert into categories(category_id, name) values ( 8, 'automatyka, elektronika i elektrotechnika' );
insert into categories(category_id, name) values ( 9, 'informatyka techniczna i telekomunikacja' );
insert into categories(category_id, name) values ( 10, 'inżynieria biomedyczna' );
insert into categories(category_id, name) values ( 11, 'inżynieria chemiczna' );
insert into categories(category_id, name) values ( 12, 'inżynieria lądowa i transport' );
insert into categories(category_id, name) values ( 13, 'inżynieria materiałowa' );
insert into categories(category_id, name) values ( 14, 'inżynieria mechaniczna' );
insert into categories(category_id, name) values ( 15, 'inżynieria środowiska, górnictwo i energetyka' );
insert into categories(category_id, name) values ( 16, 'nauki farmaceutyczne' );
insert into categories(category_id, name) values ( 17, 'nauki medyczne' );
insert into categories(category_id, name) values ( 18, 'nauki o kulturze fizycznej' );
insert into categories(category_id, name) values ( 19, 'nauki o zdrowiu' );
insert into categories(category_id, name) values ( 20, 'nauki leśne' );
insert into categories(category_id, name) values ( 21, 'rolnictwo i ogrodnictwo' );
insert into categories(category_id, name) values ( 22, 'technologia żywności iżywienia' );
insert into categories(category_id, name) values ( 23, 'weterynaria' );
insert into categories(category_id, name) values ( 24, 'zootechnologia i rybactwo' );
insert into categories(category_id, name) values ( 25, 'ekonomia i finance' );
insert into categories(category_id, name) values ( 26, 'geografia społeczno-ekonomiczna i gospodarka przestrzenna' );
insert into categories(category_id, name) values ( 27, 'nauki o bezpieczeństwie' );
insert into categories(category_id, name) values ( 28, 'nauki o komunikacji społecznej i mediach' );
insert into categories(category_id, name) values ( 29, 'nauki o polityce i administracji' );
insert into categories(category_id, name) values ( 30, 'nauki o zarządzaniu i jakości' );
insert into categories(category_id, name) values ( 31, 'nauki prawne' );
insert into categories(category_id, name) values ( 32, 'nauki socjologiczne' );
insert into categories(category_id, name) values ( 33, 'pedagogika' );
insert into categories(category_id, name) values ( 34, 'prawo kanoniczne' );
insert into categories(category_id, name) values ( 35, 'psychologia' );
insert into categories(category_id, name) values ( 36, 'astronomia' );
insert into categories(category_id, name) values ( 37, 'informatyka' );
insert into categories(category_id, name) values ( 38, 'matematyka' );
insert into categories(category_id, name) values ( 39, 'nauki biologiczna' );
insert into categories(category_id, name) values ( 40, 'nauki chemiczne' );
insert into categories(category_id, name) values ( 41, 'nauki fizyczne' );
insert into categories(category_id, name) values ( 42, 'nauki o Ziemi i środowisku' );
insert into categories(category_id, name) values ( 43, 'nauki teologiczne' );

insert into journals(journal_id, title1, issn1, eissn1, title2, issn2, eissn2, points)
    values ( 1, '2D Materials', '2053-1583', '2053-1583', '2D Materials', '', '2053-1583', 140 );
insert into journals(journal_id, title1, issn1, eissn1, title2, issn2, eissn2, points)
    values ( 2, '3 Biotech', '2190-572X', '2190-5738', '3 Biotech', '2190-572X', '2190-5738', 70 );
insert into journals(journal_id, title1, issn1, eissn1, title2, issn2, eissn2, points)
    values ( 3, '3C Empresa', '2254-3376', '2254-3376', '', '', '', 20 );
insert into journals(journal_id, title1, issn1, eissn1, title2, issn2, eissn2, points)
    values ( 4, '3c Tecnologia', '2254-4143', '2254-4143', '', '', '', 20 );
insert into journals(journal_id, title1, issn1, eissn1, title2, issn2, eissn2, points)
    values ( 5, '3C Tic', '2254-6529', '2254-6529', '', '', '', 20 );
insert into journals(journal_id, title1, issn1, eissn1, title2, issn2, eissn2, points)
    values ( 6, '3D Printing and Additive Manufacturing', '2329-7662', '2329-7670', '3D Printing and Additive Manufacturing', '2329-7662', '2329-7670', 100 );
insert into journals(journal_id, title1, issn1, eissn1, title2, issn2, eissn2, points)
    values ( 7, '3D Research', '2092-6731', '2092-6731', '3D Research', '', '2092-6731', 40 );
insert into journals(journal_id, title1, issn1, eissn1, title2, issn2, eissn2, points)
    values ( 8, '3L-Language Linguistics Literature-The Southeast Asian Journal of English Language Studies', '0128-5157', '0128-5157', '3L: Language, Linguistics, Literature', '0128-5157', '', 70 );
insert into journals(journal_id, title1, issn1, eissn1, title2, issn2, eissn2, points)
    values ( 9, '452 F-Revista de Teoria de la Literatura y Literatura Comparada', '2013-3294', '2013-3294', '', '', '', 70 );
insert into journals(journal_id, title1, issn1, eissn1, title2, issn2, eissn2, points)
    values ( 10, '4OR-A Quarterly Journal of Operations Research', '1619-4500', '1614-2411', '4OR', '1619-4500', '1614-2411', 70 );
insert into journals(journal_id, title1, issn1, eissn1, title2, issn2, eissn2, points)
    values ( 11, 'A & A Practice', '2325-7237', '2325-7237', 'A & A case reports', '2325-7237', '', 40 );
insert into journals(journal_id, title1, issn1, eissn1, title2, issn2, eissn2, points)
    values ( 12, 'A + U-ARCHITECTURE AND URBANISM', '0389-9160', '', 'A + U-Architecture and Urbanism', '0389-9160', '', 40 );
insert into journals(journal_id, title1, issn1, eissn1, title2, issn2, eissn2, points)
    values ( 13, 'A&C-Revista de Direito Administrativo & Constitucional', '1516-3210', '1984-4182', '', '', '', 20 );
insert into journals(journal_id, title1, issn1, eissn1, title2, issn2, eissn2, points)
    values ( 14, 'AAA-ARBEITEN AUS ANGLISTIK UND AMERIKANISTIK', '0171-5410', '', 'AAA, Arbeiten aus Anglistik und Amerikanistik', '0171-5410', '', 20 );
insert into journals(journal_id, title1, issn1, eissn1, title2, issn2, eissn2, points)
    values ( 15, 'AACA Digital', '1988-5180', '1988-5180', '', '', '', 20 );
insert into journals(journal_id, title1, issn1, eissn1, title2, issn2, eissn2, points)
    values ( 16, 'AACN Advanced Critical Care', '1559-7768', '1559-7776', 'AACN Advanced Critical Care', '1559-7768', '', 40 );
insert into journals(journal_id, title1, issn1, eissn1, title2, issn2, eissn2, points)
    values ( 17, 'AAPG BULLETIN', '0149-1423', '1558-9153', 'AAPG Bulletin', '0149-1423', '', 140 );
insert into journals(journal_id, title1, issn1, eissn1, title2, issn2, eissn2, points)
    values ( 18, 'AAPS Journal', '1550-7416', '1550-7416', 'AAPS Journal', '', '1550-7416', 100 );
insert into journals(journal_id, title1, issn1, eissn1, title2, issn2, eissn2, points)
    values ( 19, 'AAPS PHARMSCITECH', '1530-9932', '1530-9932', 'AAPS PharmSciTech', '1530-9932', '1522-1059', 100 );
insert into journals(journal_id, title1, issn1, eissn1, title2, issn2, eissn2, points)
    values ( 20, 'AATCC Journal of Research', '2330-5517', '2330-5517', 'AATCC Journal of Research', '2472-3444', '2330-5517', 20 );
insert into journals(journal_id, title1, issn1, eissn1, title2, issn2, eissn2, points)
    values ( 21, 'AATCC REVIEW', '1532-8813', '1532-8813', '', '', '', 20 );
insert into journals(journal_id, title1, issn1, eissn1, title2, issn2, eissn2, points)
    values ( 22, 'Ab Imperio-Studies of New Imperial History and Nationalism in the Post-Soviet Space', '2166-4072', '2164-9731', 'Ab Imperio', '2164-9731', '', 70 );
insert into journals(journal_id, title1, issn1, eissn1, title2, issn2, eissn2, points)
    values ( 23, 'Abacus-A Journal of Accounting Finance and Business Studies', '0001-3072', '1467-6281', 'Abacus', '0001-3072', '', 70 );
insert into journals(journal_id, title1, issn1, eissn1, title2, issn2, eissn2, points)
    values ( 24, 'Abakos', '2316-9451', '2316-9451', '', '', '', 20 );
insert into journals(journal_id, title1, issn1, eissn1, title2, issn2, eissn2, points)
    values ( 25, 'Abanico Veterinario', '2007-4204', '2007-4204', '', '', '', 20 );
insert into journals(journal_id, title1, issn1, eissn1, title2, issn2, eissn2, points)
    values ( 26, 'ABCD-Arquivos Brasileiros de Cirurgia Digestiva-Brazilian Archives of Digestive Surgery', '0102-6720', '2317-6326', 'Arquivos brasileiros de cirurgia digestiva : ABCD = Brazilian archives of digestive surgery', '0102-6720', '', 20 );
insert into journals(journal_id, title1, issn1, eissn1, title2, issn2, eissn2, points)
    values ( 27, 'Abdominal Radiology', '2366-004X', '2366-0058', 'Abdominal Radiology', '2366-004X', '2366-0058', 70 );
insert into journals(journal_id, title1, issn1, eissn1, title2, issn2, eissn2, points)
    values ( 28, 'ABE Journal', '2275-6639', '2275-6639', '', '', '', 20 );
insert into journals(journal_id, title1, issn1, eissn1, title2, issn2, eissn2, points)
    values ( 29, 'ABHANDLUNGEN AUS DEM MATHEMATISCHEN SEMINAR DER UNIVERSITAT HAMBURG', '0025-5858', '1865-8784', 'Abhandlungen aus dem Mathematischen Seminar der Universitat Hamburg', '0025-5858', '', 70 );
insert into journals(journal_id, title1, issn1, eissn1, title2, issn2, eissn2, points)
    values ( 30, 'Aboriginal History', '0314-8769', '1837-9389', '', '', '', 70 );

insert into users(user_id, email, password, name, surname, enabled)
    values ( 1, 'jakub@wp.pl', '$2a$10$ZuhZq6.AKqcDQjWLjm4X.OhukDrXiZXcLv0uiehOqKuVNDDCzs4cS', 'Jakub', 'Nowak', 1);
insert into users(user_id, email, password, name, surname, enabled)
    values ( 2, 'zuzia@wp.pl', '$2y$12$bkH8QXSciba0YWniVV8rI.vzVKpkGm/QzkfJB37UHStUOs9dM8TK6', 'Zuzanna', 'Nowak', 1);
insert into users(user_id, email, password, name, surname, enabled)
    values ( 3, 'jarek@wp.pl', '$2y$12$bkH8QXSciba0YWniVV8rI.vzVKpkGm/QzkfJB37UHStUOs9dM8TK6', 'Jarosław', 'Nowak', 1);
insert into users(user_id, email, password, name, surname, enabled)
    values ( 4, 'marian@wp.pl', '$2y$12$bkH8QXSciba0YWniVV8rI.vzVKpkGm/QzkfJB37UHStUOs9dM8TK6', 'Marian', 'Nowak', 1);

insert into groups(group_id, name, owner_user_id) values ( 1, 'jakuba gr', 1);
insert into groups(group_id, name, owner_user_id) values ( 2, 'zuzi gr', 2);
insert into groups(group_id, name, owner_user_id) values ( 3, 'jarka gr', 3);
insert into groups(group_id, name, owner_user_id) values ( 4, 'mariana gr', 4);

insert into authorities(auth_id, email, authority) values (1, 'jakub@wp.pl', 'ROLE_USER' );
insert into authorities(auth_id, email, authority) values (2, 'zuzia@wp.pl', 'ROLE_USER' );
insert into authorities(auth_id, email, authority) values (3, 'jarek@wp.pl', 'ROLE_USER' );
insert into authorities(auth_id, email, authority) values (4, 'marian@wp.pl', 'ROLE_USER' );

insert into journals_categories(journals_journal_id, categories_category_id) values ( 22, 3 );
insert into journals_categories(journals_journal_id, categories_category_id) values ( 30, 3 );
insert into journals_categories(journals_journal_id, categories_category_id) values ( 8, 4 );
insert into journals_categories(journals_journal_id, categories_category_id) values ( 14, 4 );
insert into journals_categories(journals_journal_id, categories_category_id) values ( 8, 5 );
insert into journals_categories(journals_journal_id, categories_category_id) values ( 9, 5 );
insert into journals_categories(journals_journal_id, categories_category_id) values ( 14, 5 );
insert into journals_categories(journals_journal_id, categories_category_id) values ( 10, 6 );
insert into journals_categories(journals_journal_id, categories_category_id) values ( 12, 6 );
insert into journals_categories(journals_journal_id, categories_category_id) values ( 22, 6 );
insert into journals_categories(journals_journal_id, categories_category_id) values ( 30, 6 );
insert into journals_categories(journals_journal_id, categories_category_id) values ( 12, 7 );
insert into journals_categories(journals_journal_id, categories_category_id) values ( 15, 7 );
insert into journals_categories(journals_journal_id, categories_category_id) values ( 1, 8 );
insert into journals_categories(journals_journal_id, categories_category_id) values ( 2, 8 );
insert into journals_categories(journals_journal_id, categories_category_id) values ( 3, 8 );
insert into journals_categories(journals_journal_id, categories_category_id) values ( 5, 8 );
insert into journals_categories(journals_journal_id, categories_category_id) values ( 6, 8 );
insert into journals_categories(journals_journal_id, categories_category_id) values ( 7, 8 );
insert into journals_categories(journals_journal_id, categories_category_id) values ( 12, 8 );
insert into journals_categories(journals_journal_id, categories_category_id) values ( 28, 8 );
insert into journals_categories(journals_journal_id, categories_category_id) values ( 1, 9 );
insert into journals_categories(journals_journal_id, categories_category_id) values ( 6, 9 );
insert into journals_categories(journals_journal_id, categories_category_id) values ( 7, 9 );
insert into journals_categories(journals_journal_id, categories_category_id) values ( 7, 10 );
insert into journals_categories(journals_journal_id, categories_category_id) values ( 10, 10 );
insert into journals_categories(journals_journal_id, categories_category_id) values ( 1, 11 );
insert into journals_categories(journals_journal_id, categories_category_id) values ( 2, 11 );
insert into journals_categories(journals_journal_id, categories_category_id) values ( 4, 11 );
insert into journals_categories(journals_journal_id, categories_category_id) values ( 5, 11 );
insert into journals_categories(journals_journal_id, categories_category_id) values ( 6, 11 );
insert into journals_categories(journals_journal_id, categories_category_id) values ( 7, 11 );
insert into journals_categories(journals_journal_id, categories_category_id) values ( 11, 11 );
insert into journals_categories(journals_journal_id, categories_category_id) values ( 15, 11 );
insert into journals_categories(journals_journal_id, categories_category_id) values ( 16, 11 );
insert into journals_categories(journals_journal_id, categories_category_id) values ( 19, 11 );
insert into journals_categories(journals_journal_id, categories_category_id) values ( 20, 11 );
insert into journals_categories(journals_journal_id, categories_category_id) values ( 21, 11 );
insert into journals_categories(journals_journal_id, categories_category_id) values ( 24, 11 );
insert into journals_categories(journals_journal_id, categories_category_id) values ( 26, 11 );
insert into journals_categories(journals_journal_id, categories_category_id) values ( 27, 11 );
-- insert into journals_categories(journals_journal_id, categories_category_id) values ( , 12 );
-- insert into journals_categories(journals_journal_id, categories_category_id) values ( , 13 );
-- insert into journals_categories(journals_journal_id, categories_category_id) values ( , 14 );
-- insert into journals_categories(journals_journal_id, categories_category_id) values ( , 15 );
-- insert into journals_categories(journals_journal_id, categories_category_id) values ( , 16 );
-- insert into journals_categories(journals_journal_id, categories_category_id) values ( , 17 );
-- insert into journals_categories(journals_journal_id, categories_category_id) values ( , 18 );
-- insert into journals_categories(journals_journal_id, categories_category_id) values ( , 19 );
insert into journals_categories(journals_journal_id, categories_category_id) values ( 29, 38 );
insert into journals_categories(journals_journal_id, categories_category_id) values ( 25, 38 );
insert into journals_categories(journals_journal_id, categories_category_id) values ( 24, 26 );
insert into journals_categories(journals_journal_id, categories_category_id) values ( 23, 25 );
insert into journals_categories(journals_journal_id, categories_category_id) values ( 17, 25 );
insert into journals_categories(journals_journal_id, categories_category_id) values ( 18, 17 );
insert into journals_categories(journals_journal_id, categories_category_id) values ( 13, 31 );
insert into journals_categories(journals_journal_id, categories_category_id) values ( 23, 29 );

insert into groups_journals(groups_group_id, journals_journal_id) values ( 1, 1 );
insert into groups_journals(groups_group_id, journals_journal_id) values ( 1, 2 );
insert into groups_journals(groups_group_id, journals_journal_id) values ( 2, 2 );
insert into groups_journals(groups_group_id, journals_journal_id) values ( 2, 3 );
insert into groups_journals(groups_group_id, journals_journal_id) values ( 2, 4 );
insert into groups_journals(groups_group_id, journals_journal_id) values ( 3, 3 );
insert into groups_journals(groups_group_id, journals_journal_id) values ( 4, 4 );
insert into groups_journals(groups_group_id, journals_journal_id) values ( 4, 1 );

insert into groups_users(groups_group_id, users_user_id) values ( 1, 1 );
insert into groups_users(groups_group_id, users_user_id) values ( 1, 2 );
insert into groups_users(groups_group_id, users_user_id) values ( 2, 2 );
insert into groups_users(groups_group_id, users_user_id) values ( 2, 1 );
insert into groups_users(groups_group_id, users_user_id) values ( 3, 3 );
insert into groups_users(groups_group_id, users_user_id) values ( 3, 4 );
insert into groups_users(groups_group_id, users_user_id) values ( 4, 4 );
insert into groups_users(groups_group_id, users_user_id) values ( 4, 2 );